,First,Second
0,ПИКОЧО-ПОЛОВО,С-МА
1,Артериално,налягане
2,(,Score
3,Score,)
4,Съдечен,статус
5,Корем,меко-еластичен
6,везиколарно,дишане
7,сърд,гран
8,Явява,се
9,Ч.ДР,И
10,на,артериите
11,на,гръд.кош
12,смущ,в
13,без,доб
14,доб,хрипове
15,Авто,и
16,С-Фр,у
17,рефлекси,Отпадна
18,условията,на
19,РСД,яс
20,яс,тон
21,сърд,гран.в
22,гран.в,норма
23,се,постигне
24,НА,ВЪРХА
25,Цветно,зрение
26,на,Аорта
27,на,извънболничната
28,извънболничната,помощ
29,тъй,като
30,Лечебната,цел
31,Височина,см
32,Об.талия,см
33,Нв,Корем
34,мек,респиратнорно
35,респиратнорно,подвижен
36,да,бъда
37,да,осигури
38,да,заплати
39,заплати,при
40,при,назначаването
41,назначаването,им
42,за,ХСМ.Мек
43,ХСМ.Мек,Физ
44,без,хроп
45,хроп,находка
46,осигури,достатъчен
47,достатъчен,РС
48,Cor,Р.С.Д.фр
49,ритмична,сър.д-ст
50,Оглед,палпация
51,Пулсова,честота
52,от,Крайничци
53,Крайничци,леки
54,Мекоеластична,коремна
55,лимни,възли
56,ЗА,ВЪЗРАСТТА
57,Не,желая
58,желая,да
59,Шиини,вени
60,НЕВРОЛОГИЧИН,СТАТУС
61,на,аа.дорзалис
62,с,изтръпвания
63,изтръпвания,и
64,за,преписване
65,преписване,на
66,Sus.ren,(
67,С,МЕКО-ЕЛАСТ
68,типа,на
69,кръвоносни,съдове
70,тест,лента
71,и,вид.разширени
72,Д,мин.Мл
73,мин.Мл,жлези
74,се,палп.СРД
75,палп.СРД,СРС
76,перкуторен,тон.Сърце
77,тон.Сърце,ритмична
78,dorsalis,pedis
79,ритм.Корем,Мек
80,начин,на
81,взет,на
82,гръбначен,стълб
83,магистрални,А.А
84,А.А,кръвоносни
85,систолно,диастолно
86,изместена,междинна
87,),mm.Hg
88,mm.Hg,П
89,е,съгласен
90,съгласен,да
91,на,Диспансерно
92,чужда,помощ
93,РНФ,СД
94,Корем,нна
95,нна,нивото
96,Паренхимни,органи
97,mm,Hg.Крайници
98,RR,л.р
99,се,палпрат
100,височина,см
101,общо,съст.Пулмо
102,И,ВИД.ЛИГ
103,слезка,неув.Сок.реналис
104,Сьгласен,сьм
105,сьм,да
106,на,достъпните
107,ПО,ХОДА
108,назначената,терапия
109,добре,напьлнен-NUM
110,мин.Неврологичен,статус
111,на,съдовете
112,и,апикално
113,СЪРЦЕ,Ритм.сърд.д
114,ум.Запазено,съотношение
115,тест,ленти
116,на,a.tibialis
117,ребрена,дъга.Сук.реналис
118,без,шум.находка
119,маркирани,отоци
120,Cor,р.с.д-ясни
121,с,p.max
122,p.max,на
123,Cor,ритм.неускорена
124,ритм.неускорена,сърд.дейност
125,с,акцентуация
126,акцентуация,на
127,акц.на,А
128,мм,живак
129,уд,мин.Д
130,мин.Д,С.
131,стени-неболезнен,при
132,дъга.Сук.реналис,отр.дв.крайници
133,отр.дв.крайници,артрозно
134,на,ларинкса
135,загуба,на
136,сетивност-в,норма
137,дьлбока,сетивност
138,Cor,риттмична
139,риттмична,сърд
140,за,перитоненеално
141,перитоненеално,дразнене
142,Фр=,мин
143,кош,сичметричен
144,на,ляво.RR
145,на,Артериалното
146,пикочния,мехур
147,сухота,в
148,изтичане,на
149,и,алоориентиран
150,отговарящ,на
151,ритм.сърдечна,дейност
152,без,пр.шумове
153,дор,педс
154,рак,на
155,физикални,данни
156,лещено,зърно
157,Тегло,кг.Ръст
158,се,палп.увел
159,и,a.poplitea
160,Акцентуиран,IIАо
161,слезка,неув.Опорно-двиг
162,неув.Опорно-двиг,апарат
163,ЩЖ-неувел,няма
164,кръвното,налягане
165,подд.мес,терапия
166,НАЛИЧИЕ,НА
167,реполаризационни,промени
168,Ало,и
169,и,автопсихично
170,опорно-двигателен,апарат
171,без,прибав
172,съвети,за
173,на,талията
174,НА,ГРЪДНИЯ
175,mm,Hg.СЧ-NUM
176,Hg.СЧ-NUM,уд
177,без,пр.хр
178,добър,мусулен
179,мусулен,тонус
180,в,мин.Cor-ритмична
181,мин.Cor-ритмична,сърдечна
182,уд,мин.ХС
183,Адекватен,Дриентиран
184,Дриентиран,за
185,време,исобствена
186,исобствена,личност
187,искане,на
188,рискови,фактори
189,Симптом,на
190,ПИКОЧО-ПОЛОВА,С-МА
191,Придвижва,се
192,изчерпващ,се
193,общо,съст.ПЛВ
194,и,сетивност-нормални
195,граници-в,норма
196,перкоторен,тон
197,лиен,не-увелич
198,Angiosclerosis,retine
199,р.,Дъга.Невр
200,Дъга.Невр,статус
201,със,ЗСП
202,ЗСП,на
203,Визус,ос-NUM
204,тонове,ясни.АН
205,личност,Афиблилен
206,Афиблилен,Пулмо
207,тон,Сьрце
208,нормални,зраници
209,зраници,за
210,на,живот
211,Движи,се
212,крайници,неотточни
213,Cor,fRR
214,хепато,и
215,ШИЯ,Б.О.КОЖА
216,на,а.радиалис
217,ценз,КОРЕМ
218,ОПЛАКВА,СЕ
219,при,обичайни
220,Cor-А,РСД
221,лиен,неув.RR
222,позата,на
223,СИНУСОВ,РИТЪМ
224,дани,за
225,уд,мин.Коремни
226,cor-Б.о,RR
227,с,пунктум
228,общо,състояние.Пулмо
229,ОС.Pulmo-везикуларно,дишане
230,пуслации,на
231,хепар-и-слезка,неувел
232,сърдечна,деинност
233,деинност,АН
234,ren,отр.двуст
235,граници-норма,рит
236,заседнал,начин
237,глюкоза,протеини
238,протеини,кетонни
239,Лим,възли
240,при,палпац
241,тон,симетримчен
242,симетримчен,гръден
243,нормо,фреквентен
244,фреквентен,RR
245,запазени,пуслации
246,на,aa.dorsalis
247,aa.dorsalis,pedis
248,на,Mi
249,Mi,и
250,палп,увел.SR
251,увел.SR,отр
252,НСХ.Кожа,и
253,засилващи,се
254,Висши,корови
255,НАД,СИМФИЗАТА
256,Периферен,пулс
257,ф-NUM,уд
258,с.ч,у.м.Чисто
259,у.м.Чисто,везикуларно
260,Кетонни,тела
261,отрича,ЕПИ.Без
262,ЕПИ.Без,психични
263,Щит,жл-неувеличена
264,жл-неувеличена,Пулмо
265,да,бьда
266,бьда,диспансеризиран
267,ПРОМЕНИ,ХАРАКТЕРНИ
268,ХАРАКТЕРНИ,ЗА
269,Издава,се
270,действие,приложение
271,приложение,странични
272,цена,заплащана
273,Синдром,на
274,жл,неув.П.Л.В
275,поясни,прешлени
276,се,получават
277,Пулс.ч,Cor
278,IIАо,тон.Систоличен
279,хиперстезия,от
280,и,билирубин-отр.р
281,билирубин-отр.р,Н-NUM
282,RR,NUM-л.р
283,Ножа,и
284,Мамологичен,статус
285,Запланувана,за
286,има,лекарствени
287,УДЪЛЖЕНО,ИЗДИШВАНЕ
288,аускултаторна,находка
289,Външно,дишане-нормално
290,дишане-нормално,фр
291,на,магистралните
292,хрипове,крепитаций
293,крепитаций,и
294,диспансерен,преглед-след
295,преглед-след,месеца
296,ВЕЗИК,ДИШАНЕ
297,псих,развитие-норм
298,сьрдечни,тонове
299,П.Л,В-ли
300,В-ли,б.о
301,Б.о.Пер,вени
302,Рьст,см.Тегло
303,о.д,о.с
304,гръдния,кош.Hepar
305,кош.Hepar,et
306,на,вид.възр
307,бели,дробове-вез.дишане
308,отделяне,на
309,засилваща,се
310,ИЗПИСВАНЕ,НА
311,с,по-ниска
312,по-ниска,цена
313,сърдечносъдови,заболявания
314,ПО,ПОВОД
315,Консултация,с
316,лекарство,неговото
317,неговото,действие
318,частично,заплащане
319,заплащане,от
320,същото,международно
321,международно,непатентно
322,несмутена,Степен
323,Степен,на
324,неврологичния,статус
325,Cor,РНСД.АН
326,кг,кв.м
327,в,акта
328,акта,на
329,визикуларно,дишане
330,хепар-не,се
331,без,приб.хрипове
332,у,м.Коремен
333,м.Коремен,статус
334,мек,небол-н
335,небол-н,хепар
336,без,отоци-двустранно
337,мек,палп-небол
338,палп-небол,пер-физ
339,RR,фрикв
340,Пер,вени.бо
341,се,палпираха
342,б.о,А.Н-NUM
343,А.Н-NUM,Пулс.ч
344,позите,за
345,Зрение,о.д
346,отгов,на
347,и,образователния
348,образователния,ценз
349,палп,увел.Гр
350,увел.Гр,кош-нормостеничен
351,Урина,allb
352,allb,отр
353,отр,Глюк
354,и,алоориентирана
355,в,ритъма
356,ритъма,и
357,и,проводимостта
358,Сук,рен.отр.ОДА
359,болезнененост,в
360,отр,П.р.л.в
361,П.р.л.в,б.о
362,на,сърд.връх.RR
363,на,поясните
364,на,аа.д.педис
365,общо,съсояние
366,пунктум,максимум
367,максимум,на
368,подребрената,дъга
369,CСС,Оглед
370,фрикв,уд
371,б.о,Щжлеза
372,Щжлеза,б.о
373,Вез.диш,РСД
374,на,к-те.НС
375,с.д-ст,уд
376,т,уроб.N
377,уроб.N,бил
378,мисл,процес
379,Vis,oc
380,Cor,нормални-сърдечни
381,нормални-сърдечни,граници
382,съмнение,за
383,прескачане,на
384,консултативен,преглед
385,с,неправилна
386,СЛЕЗКА,нeувеличени
387,Пациентакат,е
388,за,самоопипване
389,самоопипване,на
390,Сист,шум
391,В,ОСНОВИТЕ
392,от,групата
393,групата,на
394,РСД,ед.надкамерни
395,ед.надкамерни,екстрасистули
396,ЕЗИК,ВЛАЖЕН
397,дишането,дишания
398,дишания,мин
399,ССС,Деформации
400,ПВМ-без,данни
401,уд,мин.Сърдечни
402,мин.Сърдечни,перкуторни
403,мек.Черен,дроб
404,кетони,РН-норма
405,РН-норма,VOD-NUM
406,на,стъпалните
407,без,хипове
408,увел.Сук,рен
409,няма,хсм.Сук.рен
410,Грьден,кош
411,Cor,ритм-сьрд-дейност
412,колянната,става
413,mm,Hg.Хр
414,Хипестезии,на
415,л.в.неув,крайници
416,без,доб.шумове
417,гръдния,кош.Далак
418,кош.Далак,и
419,везиуларно,дишане
420,б.о,С-я
421,С-я,А
422,на,дайствителната
423,отвличане,на
424,вниманието,изчезва
425,СД-рит,уд
426,спок,Непар
427,Непар,ет
428,лиен-неув,SR
429,D.,Pedis-запазен
430,пристягане,в
431,поява,на
432,Опл,от
433,непатентно,наимено­вание
434,наимено­вание,с
435,стернален,ръб
436,мм,Нд
437,лим,възли
438,succ,ren
439,у.м.Корем,мек
440,Офталмологичен,статус
441,език,чист.Гл
442,чист.Гл,тиреоидеа
443,Оперативната,рана
444,см,ОБ.ГЪРДИ-NUM
445,ОБ.ГЪРДИ-NUM,см
446,Липсват,тазово
447,тазово,резервоарни
448,Палпация,на
449,в,орбитите
450,Д.Р,RR
451,Коригира,с
452,на,дейсвителната
453,арт.дорз,педис
454,ПЛВ-неувелечени,Пулмо
455,мин,CСС
456,хипове,Cor
457,дишанел,Пулмо
458,фр,мл-жл-норма-за-вьзр
459,ЧМН,без-пат-лезии
460,Сенз.орг,Б.о
461,общо,с-е.Правилно
462,гръдната,кост.RR
463,и,плв-не
464,пр.шумове,RR
465,Неувредено,общо
466,ПЛВ-неув.Глава,и
467,везикуларно,дишани
468,Сor-нормални,граници
469,АН,кр-ци-без
470,кр-ци-без,отоци
471,СЛУХ,ЛУ-чува
472,ЛУ-чува,ДУ-чува
473,перк.тон.Чисто,вез.дишане
474,дисциркулаторна,енцефалопатия
475,Об.на,глава
476,добро,интелектуално
477,интелектуално,развитие
478,Честота-NUM,мин.COR-ритмична
479,мин.COR-ритмична,сърд.дейност
480,дв,Cor-сърд
481,Cor-сърд,граници-норма
482,вредни,навици
483,отстраняване,на
484,ирадиираща,към
485,при,минимални
486,антихипертензивна,терапия
487,намаление,на
488,отговарящо,на
489,съществени,суб.опл
490,суб.опл,в
491,Ауто,и
492,Палпира,се
493,индеферентна,позиция
494,ДС-Везикуларно,дишане
495,ЕТ,ЛИЕН-Б.О
496,сензомоторна,афазия
497,Fr,min.Арт.и
498,min.Арт.и,венозна
499,Обслужва,се
500,RR,NUM.Гинекологичен
501,NUM.Гинекологичен,статус
502,над,симфиза
503,Б,др-везик
504,др-везик,дишане
505,по,органичен
506,тонове,Бодежи
507,ДОРЗАЛИС,ПЕДИС
508,периферни,вени.Корем
509,с,камертон
510,отр,Кет.тела
511,Кет.тела,уроб
512,ар,итмична
513,Правилно,развет
514,развет,за
515,тонове-NUM,мин
516,вен.мрежа,б.о
517,общо,с-е.ПЛВ
518,д-ст.СЧ-NUM,мин
519,рен.отр.двустранно,крайници
520,щит.жл.неув.ало,и
521,RR,с.ф
522,с.ф,уд.м
523,R,R-NUM
524,м.,Ду
525,Ду,до
526,носопоказалечна,проба
527,),Обем
528,Обем,на
529,далак,неувеличен.Крайници
530,по-малко,от
531,ren,отрицатено
532,отрицатено,двустранно
533,общо,съст.кожа
534,AН,Корем
535,Оплака,се
536,планувана,за
537,с,помоща
538,помоща,на
539,Взима,редовно
540,се,палп.увеличени
541,Окултни,кръвоизливи
542,чест,мин.пр
543,мин.пр,ритъм
544,Липса,на
545,обилие,от
546,Състояние,Новооткрито
547,Новооткрито,[
548,Cor-чисти,и
549,Дорзалис,педис
550,ОПОРНО,ДВИГ
551,ДВИГ,АПАРАТ
552,общо,с-e
553,в,областт
554,увеличен,сук.реналис-отр.дв
555,Пулмо,Везикул
556,ССС,безпатологични
557,безпатологични,пулсациии
558,DATEгод.мастен,профил
559,паротидна,жлеза
560,год.мастен,профил
561,об.талия-NUM,см.Неврологичен
562,см.Неврологичен,статус
563,Cor,хемодинамични
564,хемодинамични,стабилен
565,Отд,с-ма
566,б.о,сук.реналис-отр.двустранно
567,СИСТОЛИЧЕН,ШУМ
568,се,палп.увел.Сок.реналис
569,палп.увел.Сок.реналис,Крайници
570,ТОНОВЕ-ЯСНИ,НОРМОФРЕКВЕНТНА
571,ЗО-VOS,VOD
572,педис,визус-намалено
573,визус-намалено,зрение
574,статус,двигателносг
575,двигателносг,СНР
576,отоци,ЛВ.неувуличени
577,мин.Сук,реналис
578,обема,на
579,без,особ
580,и,щит.жл.неувеличени
581,ВИД.ЛИГ,Б.О.ПЛВ-НЕУВ
582,неболезнен,ч.д.и
583,ч.д.и,далак
584,р-ция,на
585,год.Псих,статус
586,О.Д.С,б.о
587,за,възр.Гърло
588,б.о,Щит.ж-зи
589,Щит.ж-зи,б.о
590,в,палпащия
591,палпащия,на
592,явни,и
593,COR-РСНД,R
594,А,Рец№NUM
595,на,гръд.кош.Хепар
596,гръд.кош.Хепар,и
597,у,мин.Хепар
598,мин.Хепар,ет
599,уд,мин.ХС-Корем
600,Специален,статус
601,годишен,профилактичен
602,на,ендометриума
603,бяло,течение
604,метаболитен,контрол
605,Планувана,за
606,при,миним
607,Дългогодишен,хипертоник
608,от,специалистите
609,на,диспенсерен
610,диспенсерен,учет
611,псориатични,плаки
612,по,фланговете
613,Succussio,renalis
614,Мек,дпперисталтика
615,дпперисталтика,Ч.
616,запазено,тоново
617,тоново,съотношение
618,И,ВИД
619,АН,Вътр.органи
620,Вътр.органи,б.
621,състояние,афибрилен
622,на,ДР.Без
623,ДР.Без,претибиални
624,ИЗПРАЩА,СЕ
625,КВЛ-Б.О,ПУЛМО
626,мин.,Корем
627,Урологичен,статус
628,dex.Cor,РСД
629,б.,о.Кожа
630,мин,пул.чисто
631,пул.чисто,вез.дишане
632,дробове-везикуларно,дишане
633,ЯСНИ,СЪР.ТОНОВЕ
634,Опипват,се
635,в,ЛБО
636,Миома,утери
637,сук.реналис-отр.двустранно,език
638,без,отоци.намалена
639,отоци.намалена,дьлбока
640,за,палп.места
641,у.м.Везикуларно,дишане
642,ВПО-на,раждала
643,ексудативна,находка
644,Протомезосистолен,шум
645,халукс,валгус
646,за,самонаблюдение
647,паренхимни,органи-
648,органи-,сук
649,АОРТЕН,ТОН
650,крило,на
651,без,п.д
652,Р.С.Д,нормофервенктна
653,нормофервенктна,R.R
654,пер.вен,б.о
655,ритмична,сардечна
656,сардечна,дейност
657,на,активните
658,активните,движения
659,без,вен.застой
660,мм,Хг
661,Л,Д.Липсват
662,Вибро,и
663,СЪХРАНЕНО,ОБЩО
664,с-е.Правилно,НПР.ПЛВ
665,НПР.ПЛВ,и
666,б.о,Гр.мл.жлези
667,неучестена,ясни
668,НА,АОРТЕ
669,невр,с-тика
670,б.,о.Мл
671,отоци-запазени,пулсации
672,без,огн.невролог
673,действ,год.Псих
674,се,р-ра.ЧМН
675,крайници,Б.О.Опорно-дв.апарат
676,увел,Сук.рен.отр.щит.жлеза
677,Сук.рен.отр.щит.жлеза,не
678,дишане,Cor-рит
679,б.о,Нормотонус
680,АФАЗИЯ,Черен
681,С.С.С-ма,ритмична
682,ВИДИМА,ВЬЗРАСТ
683,акцентуиран,II-Аортен
684,II-Аортен,тон
685,кардиогенни,отоци
686,на,календарна
687,RR,EKG-син.ритъм
688,пулсов,дефицит
689,ЗРЕНИЕ,VOUtr
690,сърд,д-нос
691,д-нос,ясни
692,крампи,Вяли
693,Вяли,пулсации
694,ри,тон.СЧ-NUM
695,тон.СЧ-NUM,у
696,поставяне,на
697,се,повлиява
698,повлиява,от
699,Лекува,се
700,в,рамките
701,рамките,на
702,Персистиране,на
703,СЪОБЩАВА,ЗА
704,ЕЗИК,Необложен
705,кръвоизливи,отр.Белтък
706,отр.Белтък,отр
707,Нд,СЧ
708,подвижен,пал.неболезнен
709,тъпанчеви,мембрани
710,алопсихичен,емоционална
711,емоционална,сфера-запазена
712,визус,ок.синистра-NUM
713,протосистоличен,шум
714,правилно,конфигурирана
715,гр.кош-двете,гр.пол.участват
716,гр.пол.участват,еднакво
717,диш,зап.респ.подвижност
718,зап.респ.подвижност,честота
719,стени,Чр.Др.на
720,Нepar,et
721,разширени,вени.SR-двустранно
722,(,a.dorsalis
723,a.dorsalis,pedis
724,НА,УРЕТЕРИТЕ
725,и,слез
726,Presbiopia,Angiosclerosisi
727,сакрален,отдел
728,Сим,гр
729,сметка,на
730,на,пер.артерии
731,на,мл.ж-направено
732,RR,Фрекв
733,RR,U
734,вез,дишанe
735,деформации,анализатори-бо
736,анализатори-бо,шия
737,и,автопсих
738,общо,състояние.Кожа
739,двигат,апбо
740,апбо,Гърло
741,Гърло,слокойно
742,слокойно,Неувеличени
743,б.о,Неразширени
744,REN,BILLРъст
745,BILLРъст,Тегло
746,ph,VODNUM
747,VODNUM,VOS
748,у,мин.Хран
749,мин.Хран,с-ма
750,RR,NUM-Неврологичен
751,NUM-Неврологичен,статус
752,гр.кош,отпуснати
753,ЯСТ,Акц.втори
754,Акц.втори,тон
755,КОМПЕНСИРАНО,ОБЩО
756,шеп,реч
757,и,лиеннеувел
758,общо,съст.Походка
759,ТОНОВЕ-ЧИСТИ,И
760,с,акц.A
761,на,аа.dorsalis
762,аа.dorsalis,pedis
763,АН,мм.Бял
764,мм.Бял,дроб
765,RR,Неpar
766,Неpar,et
767,отсл.везикуларно,дишане
768,И,СРЕДНИ
769,големия,кръг
770,кръг,на
771,ОП.ДВ,АПАРАТ
772,без,суициден
773,суициден,риск
774,кожа,стъпало-б.о
775,стъпало-б.о,има
776,на,а.д.педис
777,на,пов.артерии
778,и,наранявания
779,Нормопсихична,КОРЕМ
780,двигат,дефецит
781,за,възрняма
782,възрняма,вен
783,вен,нед.ПЛВ
784,нед.ПЛВ,неув.Слух
785,на,крайниците-запазени
786,запазени,ПАП.Негативен
787,ПАП.Негативен,неврологичен
788,състояние,тел.темпер
789,Корем,мек-опер
790,обичаен,цвят
791,ИНФОРМИРАН,СЪМ
792,ЗА,ВИДА
793,ВИДА,ЛЕКАРСТВО
794,ЛЕКАРСТВО,НЕГОВОТО
795,НЕГОВОТО,ДЕИСТВИЕ
796,ДЕИСТВИЕ,ПРИЛОЖЕНИЕ
797,ПРИЛОЖЕНИЕ,СТРАНИЧНИ
798,СТРАНИЧНИ,РЕАКЦИЙ
799,РЕАКЦИЙ,РЕД
800,РЕД,И
801,И,НАЧИН
802,НАЧИН,НА
803,НА,ПРИЕМАНЕ
804,ПРИЕМАНЕ,НАПЪЛНО
805,ЧАСТИЧНО,ЗАПЛАЩАНЕ
806,ЗАПЛАЩАНЕ,ОТ
807,НЗОК,КАКТО
808,КАКТО,И
809,И,ДАЛИ
810,ДАЛИ,ИМА
811,ИМА,ЛЕКАРСТВЕНИ
812,ЛЕКАРСТВЕНИ,ПРОДУКТИ
813,ПРОДУКТИ,СЪС
814,СЪС,СЪЩОТО
815,СЪЩОТО,МЕЖДУНАРОДНО
816,МЕЖДУНАРОДНО,НЕПАТЕНТНО
817,НЕПАТЕНТНО,НАИМЕНОВАНИЕ
818,НАИМЕНОВАНИЕ,С
819,ПО,НОСКА
820,НОСКА,ЦЕНА
821,ЦЕНА,ЗАПЛАЩАНА
822,ЗАПЛАЩАНА,ЧАСТИЧНО
823,б.,о.Везикуларно
824,о.Везикуларно,дишане
825,по,клепачите.
826,клепачите.,Pulmo
827,Намалена,мускулта
828,мускулта,села
829,Нормостенен,хабитус-Т
830,хабитус-Т,кг
831,в,Ромберт
832,Cor-нормални,граници
833,Сor-ритмична,сърдечна
834,без,ШСЗ
835,СЧ,мин.яснитонове
836,мин.яснитонове,без
837,не,увел.Д.С
838,палп.места,ПЛВ
839,Неув.ПЛВ,и
840,уробилиноген-N,билирубин
841,долните,кведренти
842,кведренти,ч.дроб
843,ВИЗУС-NUM,НА
844,и,собсвена
845,Нехиперемиран,фаринкс
846,ИТМ,референтен
847,референтен,Контактен
848,вьзраст,отговаряща
849,екстрасистули,Консултиранс
850,Консултиранс,кардиолог
851,Намалени,Вибро
852,Походка,вьзможна
853,вьзможна,на
854,и,прьсти
855,ППсистема,без
856,И,СОБСТВАНА
857,СОБСТВАНА,ЛИЧНОСТ
858,ППС-сук.рен,отр
859,ритмична,сърдейна
860,сърдейна,дейност
861,медикаментозно,лечение
862,НА,ДЕБЕЛОТО
863,периодидично,има
864,на,свят
865,на,простатната
866,простатната,жлеза
867,ФИЗИЧЕСКИ,УСИЛИЯ
868,през,нощта
869,ФО-няма,Мин.заб
870,оптимален,контрол
871,артериално,налягане
872,Зрителна,острота-корекция
873,пер.вени,б.о
874,хеморагична,диатеза
875,ЕТ,ЛИЕН-НЕУВЕЛИЧЕНИ
876,на,а.дорз
877,mm,Hg.СЧ
878,Hg.СЧ,уд
879,Пулсаций,на
880,на,тъканите
881,EКГ-синусов,ритъм
882,с,помощта
883,помощта,на
884,Фр-NUM,норм.Дишане
885,норм.Дишане,нор.Корем
886,нор.Корем,мек
887,отр.Млечни,жлези
888,уртикариален,обрив
889,метална,остеосинтеза
890,ССС,ритм.СД-NUM
891,ритм.СД-NUM,уд
892,Редукция,на
893,Пулмо,ЧВД.Стъпала-оглед-запазен
894,ЧВД.Стъпала-оглед-запазен,свод
895,дишане,костално
896,костално,еупнея
897,общо,с-е.Глава
898,Интенционен,тремор
899,АН,КР.ЗАХАР-NUM
900,КР.ЗАХАР-NUM,КРАЙНИЦИ
901,Служебно,посещение
902,PULMO,ET
903,травматична,ампутация
904,КРАЙНИЦИ,НЕОТОЧНИ
905,мл.ж-направено,Раждания
906,се,регистрират
907,л-ци,нормалнооцветени
908,двете,подребрия
909,подребрия,Черен
910,оперативният,цикатрикс
911,б.,о.Периферни
912,ОЧНИ,ДЪНА
913,на,гр.кош.Липсва
914,гр.кош.Липсва,патологична
915,ПЛВи,щ.ж.неуголемени
916,фр.в,мин
917,с,накуцване
918,Цветоусещане-в,норма
919,мисловна,дейност
920,ЕКГ,об.талия-NUM
921,МЛЕЧНА,ЖЛЕЗА
922,кг.Р,см
923,куцаща,походка
924,ДОЛАВЯ,ШЕПОТНА
925,ЧЕТВЪРТИ,ДИСПАНСЕРЕН
926,двустранно,отр.Опорно
927,отр.Опорно,двигателен
928,ОТГОВАРЯЩА,НА
929,с,нормеална
930,нормеална,големина
931,сърдечна,дейносш
932,дейносш,синусов
933,разширени,вени.Псих.статус
934,сърд,нове
935,нове,Кр
936,НЕ,МОЖЕ
937,Cor-а,РСД
938,за,ОДН
939,маг.съд,пер.вен
940,под,ребрната
941,ребрната,дъга
942,останали,органи
943,и,Пастернацки
944,ОДА,пр.конф
945,пр.конф,Крайници
946,разширени,Невролотичен
947,Невролотичен,статус
948,туловищна,атаксия
949,уд,мин.ЕКГ-син
950,мин.ЕКГ-син,ритъм
951,единични,Ех.Контрол
952,на,магистр
953,СЛ,НЕУВ.ПОС-Б.О.КРАЙНИЦИ
954,АН,NUM.П-NUM
955,NUM.П-NUM,уд
956,атроф,суха.Шийна
957,суха.Шийна,контрактура
958,без,добаве
959,добаве,хрипове
960,ясни,ичисти
961,Cor,ритм.сърд.д
962,RR,ИНФОРМИРАН
963,б.о,Урина-алб-отрицателно
964,В,ДИШАНЕТО
965,без,хр.ДЧ-NUM
966,хр.ДЧ-NUM,Cor
967,тонове,КР.нал
968,КР.нал,Корем
969,СМРД-не,се
970,СНР-ум,живи
971,б.о,ПЛВ-неув.Pulmo-ЧВД
972,ПЛВ-неув.Pulmo-ЧВД,cor
973,и,ВЛ-розови
974,неувл,без
975,парези,Сетивен
976,Сетивен,синдром
977,с,хиперестезии
978,хиперестезии,за
979,б.о,Пелмо
980,Пелмо,вез
981,еднакъв,на
982,Рец№NUM,Ксанакс
983,мг.DATEдни,Информиран
984,ІІ,С.Т.ясни
985,С.Т.ясни,без
986,болезнен,SUCC.RENALIS
987,Cor,Аускулт
988,Аускулт,ясни
989,б.о,Неув.ПЛВ
990,Нервна,система-нарушени
991,система-нарушени,координационни
992,дефек,АН
993,захар,отр.ацетон
994,отр.ацетон,уробилиноген-N
995,изранена,Пулмо
996,с.,д.честота
997,д.честота,мин
998,АКРОЦИАНОЗА,ОХРАНЕНОСТ
999,на,пикочо-половата
1000,пикочо-половата,с-ма
1001,РСД,г.с.т
1002,мезо,систолен
1003,шумова,анходка
1004,анходка,без
1005,фр,м.Пулмо
1006,м.Пулмо,чисто
1007,Pulmo,претъпление
1008,претъпление,в
1009,Зрение,л.DATE
1010,л.DATE,и
1011,urob,неув
1012,състояние,Кажа
1013,суха,безпигментни
1014,безпигментни,нарушения
1015,Сукусие,реналис
1016,в,югуларната
1017,югуларната,област
1018,И,ЛИГАВИЦИБ
1019,ЛИГАВИЦИБ,О
1020,носоглътка,спокойна
1021,няма,халюц
1022,АН,СД-рит
1023,Плануван,за
1024,Необходимо,е
1025,лепнене,на
1026,датира,от
1027,в,аналната
1028,вида,действието
1029,в,неврология
1030,Страда,от
1031,Чувсва,се
1032,с-тите,на
1033,Отива,на
1034,на,Бехтерев
1035,Хепар-не,се
1036,реналис,отр.Простата
1037,вез,диш.с
1038,без,хр.Сър.съд.с-ма
1039,хр.Сър.съд.с-ма,ритм
1040,Положителна,ротаторна
1041,ротаторна,проба
1042,без,особенности
1043,SR-,(
1044,Визус,ок.декстра-NUM
1045,ок.декстра-NUM,визус
1046,Кр-ци-без,отоци
1047,гинекологичиен,статус
1048,несрастнала,с
1049,при,преглъшане
1050,когнитивен,дефицит
1051,без,пат.пром.зап.арт.пулсации
1052,пат.пром.зап.арт.пулсации,Корем
1053,В,зап.общо
1054,min.Cor,РСД
1055,и,пола
1056,пола,без
1057,интензивно,зачервен
1058,Т,вълни
1059,хепар-ет,лиен
1060,RR,DATE-NUM
1061,се,визуализират
1062,слузна,секреция
1063,б.о,Ст.ген.норм
1064,Невролгичен,статус
1065,дишане,адхезии
1066,адхезии,в
1067,на,дебелите
1068,глухи,сорд
1069,сорд,тонове
1070,Понесъл,оперативно
1071,шитовидна,жлеза
1072,лумб.отдел,на
1073,коремни,органи-палпаторна
1074,профил,креатинин-DATEгод
1075,Зрителна,острота-нормална
1076,стичащ,се
1077,на,деиствителната
1078,Палпират,се
1079,ясни,тоновe
1080,тоновe,RR
1081,цветоусещане-нормално,НПС-без
1082,НПС-без,патологични
1083,Щитовидна,железа-нормална
1084,железа-нормална,консистенция
1085,на,гр.экош
1086,гр.экош,Черен
1087,общо,съст-е.Псих
1088,НА,НИВО
1089,неув.ч.дроб,и
1090,Норсмотеничен,хабитус
1091,да,ПКК-да
1092,на,маслина
1093,кр.без,отоци
1094,МЕК,НЕБОЛ
1095,BMI,ДС-норм
1096,ДС-норм,перкуторен
1097,преживян,антеросептален
1098,ТРЕТИ,ДИСПАНСЕРЕН
1099,на,еуритмия
1100,еуритмия,Т
1101,Ръст,NUM-см
1102,NUM-см,ЕКГ-синусов
1103,не,сапалпират
1104,Корем,мек.Сукусио
1105,мек.Сукусио,реналис
1106,ВКФ-б,О.
1107,ДС-отсл.вез.дишане,с
1108,за,ОДН.Неврологичен
1109,ОДН.Неврологичен,статус
1110,в,мом
1111,ТОНОВЕ-ЯСНИ.НОРМОФРЕКВЕНТНА,СЪРДЕЧНА
1112,ст,анамнестичо
1113,анамнестичо,б.о
1114,С.С.С-ритмична,сърдечна
1115,съвет,за
1116,се,палп.патолог
1117,et,cor-б
1118,cor-б,О.
1119,Добавени,тонове
1120,Симтом,на
1121,РОЗОВИ,ПОВЬРХНОСТНИ
1122,ПОВЬРХНОСТНИ,Л
1123,Л,ВЬЗЛИ
1124,ВЬЗЛИ,И
1125,БЕЗ,ДОБАВЕНА
1126,ДОБАВЕНА,ШУМОВА
1127,НОРМАЛНА,ПЕРИСТАЛТИКАСУК
1128,ПЕРИСТАЛТИКАСУК,РЕН
1129,НЕВР,СТ-НОРМАЛНИ
1130,СТ-НОРМАЛНИ,СУХОЖИЛНИ
1131,СИМЕТРИЧНА,ВИБРАЦИОННА
1132,ВИБРАЦИОННА,НОРМАЛНА
1133,НА,МЕГАЦИНИ
1134,МЕГАЦИНИ,ОТР
1135,ПРОМЯНА,ВИЗУС-НОРМАЛЕН
1136,Fr,NUM.min.корем
1137,NUM.min.корем,мек
1138,б.,о.Грьден
1139,о.Грьден,кош
1140,двуст,ранно
1141,ранно,КМСправино
1142,КМСправино,разв.периф
1143,Дишане-ритмично,нолмопноично
1144,нолмопноично,RR
1145,чисти-Афеб-NUM,С
1146,ясни-тонове,без-шум-находка
1147,без-шум-находка,RR
1148,Крайници,без-набел-отоци
1149,без-набел-отоци,зап-сетивност-и-периф
1150,кожа,и-вид-лиг-розови
1151,РСД,СЧ=
1152,ПАТ,ОТКЛ
1153,ОТКЛ,ПСИХ.СТАТУС
1154,на,социума
1155,социума,емоции
1156,Ао,тон.Пулс
1157,тон.Пулс,RR
1158,ОБЩО,СЪСТ.ПУЛМО
1159,р.с.д-ясни,тоонве
1160,Афебрилен,а.Пулмо
1161,ЗАДОВОЛ,ОБЩО
1162,дроб,симметричен
1163,симметричен,гр.кош
1164,разширени,рефлексогенни
1165,рефлексогенни,зони
1166,б.о,Сукусио-отр.Крайници
1167,Suc.renalis,НС-ясно
1168,съзн,Двиг.акт
1169,Двиг.акт,и
1170,и,сетивност-норм
1171,Двигат,акт
1172,без,шумове.RR
1173,ед,Ех.АН
1174,хиперстенен,хабитес
1175,хабитес,хабитус
1176,авто,ориентиранеа
1177,с,подожна
1178,подожна,фистула
1179,МОЖЕ,ДА
1180,разш,вени.П.Л.В.неувел
1181,Корем,палп.мек
1182,палп.мек,Крайници
1183,Suc.ren,EKГс
1184,б.о,Пихичен
1185,ах,р
1186,неувел,щт.жл
1187,VOD-NUM,VOL-NUM
1188,Чр.Др.и,Сл
1189,Пул,Мо
1190,Мо,чисто
1191,R.R,Деснострана
1192,Деснострана,нефректомия-оперативен
1193,нефректомия-оперативен,цикатрикс
1194,застойни,хпихове
1195,хпихове,Cor
1196,Акцентуиран,Ао-ІІ
1197,Ао-ІІ,RR
1198,реналис,Пастенацки
1199,Парализа,на
1200,крайници,AСS
1201,б.о,Муск.тонус
1202,откл.Крайници,без
1203,еластичност,отговарят
1204,отговарят,на
1205,АКЦЕТУИРАН,А
1206,А,ПРОТОСИСТОЛИЧЕН
1207,Cor,А.Р.С.Д
1208,А.Р.С.Д,R.R
1209,Хиперестезия,на
1210,палпират,Крайнициш
1211,Крайнициш,ез
1212,RR,puls
1213,),Пареза-няма
1214,Пареза-няма,пареза
1215,Пулс,р.р
1216,р.р,Крайници
1217,LDL,при
1218,тонус,Вегетативно
1219,Вегетативно,трофични
1220,се,измери
1221,измери,Корем
1222,ЛАТЕНТНИ,ПАРЕЗИ
1223,б.о,ПЛВ-бо
1224,магистрални,съдове-има
1225,съдове-има,ОДА
1226,в,основите.
1227,основите.,Cor
1228,на,дайсвителната
1229,сърд.честота-NUM,у
1230,СТАТУС,Б.О.ЗРЕНИЕ
1231,фр,мин.лява
1232,мин.лява,граница
1233,на,м.к.л
1234,м.к.л,ритмична
1235,и,NUM-ро
1236,NUM-ро,ляво
1237,б.о,Щит.жл.б.о
1238,на,грьдния
1239,грьдния,кош
1240,краката,Повече
1241,Повече,изразена
1242,безхрипове,Черен
1243,неболезнен,Сукусие
1244,ЗРЕНИЕ,VOU
1245,на,доли
1246,доли,крайници
1247,хр,дв.Cor-сърд
1248,дв.Cor-сърд,граници-норма
1249,мек,спок.Хепар
1250,спок.Хепар,ет
1251,ет,лиен-неув.SR
1252,лиен-неув.SR,дв
1253,на,a.d.pedis-запазен
1254,a.d.pedis-запазен,без
1255,б.о,ekg
1256,колоректален,карцином
1257,Профилактичен,преглед
1258,на,нервус
1259,на,миокарда
1260,менструален,цикъл
1261,зоната,на
1262,луксация,на
1263,на,деб.черво
1264,по,майчина
1265,майчина,линия
1266,на,червата
1267,Отпочва,се
1268,Кардиологично,отделение
1269,в,БДСМА
1270,Все,още
1271,Хипертония,от
1272,Наблюдава,се
1273,декларирам,че
1274,остава,на
1275,за,новозаписан
1276,Изписване,на
1277,ТЕР,СХЕМА
1278,на,лекарствените
1279,лекарствените,продукти
1280,Ингвинална,херния
1281,здравословно,състояние
1282,на,вените
1283,и,видимилигавици
1284,Белтък,отр
1285,БЕЗ,ВИСЦЕРОМЕГАЛИЯ
1286,нуевеличени,Пулмо
1287,б.о,Зр.острота
1288,общо,състяние
1289,без,отоци.
1290,лимф.възли,неув.Дих.с-ма
1291,неув.Дих.с-ма,везикуларно
1292,покрита,с
1293,дясно,подребриекрайници
1294,подребриекрайници,б.о
1295,по,дерматомен
1296,Цветоус,норм.ЕКГ
1297,захар,отр.кет
1298,отр.кет,тела
1299,Бронхиално,дишане
1300,след,изкашляне
1301,Гландуле,простате-увеличена
1302,надлежащата,кожа
1303,двустранно,сон.перк
1304,сон.перк,тон
1305,о.Психичен,статус
1306,контузна,рана
1307,Ст.локалис-болезненост,при
1308,СОМАТИЧЕН,СТАТУС
1309,за,съдебно
1310,съдебно,медицински
1311,слезкане,се
1312,пове.Cor,РСД
1313,вземащ,участие
1314,от,бюста
1315,бюста,акцентуиран
1316,на,г.кош
1317,г.кош,без
1318,д-ст,водена
1319,водена,от
1320,ОБЛАСТА,НА
1321,сук.реналис-отр,ПЛВ
1322,ГЛЮК,УРОБ
1323,УРОБ,КЕТОТЕЛА
1324,КЕТОТЕЛА,АН
1325,И,ПАСИВНИ
1326,ДС-ВЕЗИКУЛАРНО,ДИШАНЕ
1327,В,МИН.НЯМА
1328,МИН.НЯМА,ОТОЦИ
1329,соматичен,ст-б.о
1330,Ригидно,повишен
1331,Вътр.статус,б.о
1332,Дс-вез,дишане
1333,лява,гърдоа
1334,гърдоа,корем
1335,хълбочна,област
1336,Рs,м.ЕКГ-синусов
1337,м.ЕКГ-синусов,ритъм
1338,СЪРЦЕ,Р.С.Д.ЯСНИ
1339,Р.С.Д.ЯСНИ,СЪРДЕЧНИ
1340,гръбначно,изкривяване
1341,болезненсот,крайници
1342,патерица,намалена
1343,нервно-психическо,развитие
1344,в,ляво.Ч
1345,ляво.Ч,дроб
1346,Обуч.за,самоизсл
1347,и,вид.лигавици-бледороз.Глава
1348,вид.лигавици-бледороз.Глава,без
1349,сетивността,на
1350,и,автоориентиран
1351,без,пат.откл
1352,ш.,реч-до
1353,реч-до,м
1354,с-с-без,данни
1355,ПМТ.Глава,и
1356,ПЛВ-неув.Кожа,и
1357,хр,Кър
1358,Кър,РСД
1359,Останали,органи
1360,по-изразено,в
1361,черендробнеувеличен,succ.ren
1362,р.,норм.психично
1363,норм.психично,развитие
1364,Suc.ren,отр.Невр
1365,отр.Невр,статус
1366,неув.Млечни,жлези
1367,цветоусещане-в,норма
1368,RR,Л.Р
1369,страдащи,от
1370,пул,сации
1371,ВЛАЖНИ,ХРИП
1372,ХРИП,ИТМ
1373,ПОД,РЕБРЕНАДЪГА
1374,РЕБРЕНАДЪГА,УПЛЪТНЕН
1375,УПЛЪТНЕН,ПРЪСТА
1376,ПРЪСТА,КОЛАТЕРАЛНА
1377,КОЛАТЕРАЛНА,СЪДОВА
1378,РИГИДНОСТ,НАММ
1379,НАММ,В
1380,В,ЛУМБАЛ
1381,ЛУМБАЛ,НАТА
1382,НАТА,ОБ
1383,ОБ,ЛАСТ
1384,ЛАСТ,ПАЛ
1385,ПАЛ,ПАТО
1386,ПАТО,Р
1387,подв,мин.СД-ритмична
1388,мин.СД-ритмична,АН
1389,Hg.корем,мек
1390,чест,мин.пулс
1391,Моторна,афазия
1392,норм,перист.Сук
1393,перист.Сук,рен
1394,наб,отоци
1395,АНАЛИЗАТОРИ-В,НОРМА
1396,дроби,слезка
1397,дишане,Ритмично
1398,неувеличени,ПВ-без
1399,ПВ-без,изменения
1400,общо,сэстояние
1401,над,синфизата
1402,Краин-без,отоци
1403,RR,NUM.ПУЛС
1404,NUM.ПУЛС,мин
1405,VOD-NUM,Цветоусещане-норм.и
1406,Цветоусещане-норм.и,слух
1407,Корем,мекоеластичен
1408,удължено,издишане
1409,и,видили
1410,видили,лигавици
1411,дейност,ум.RR
1412,ум.RR,Корем
1413,отр,гл.отр
1414,гл.отр,р
1415,Очни,дъна-ретинопатия
1416,дъна-ретинопатия,хипертоника
1417,основното,заболяване-значително
1418,заболяване-значително,изразени
1419,еритемни,лезиипо
1420,лезиипо,цялото
1421,везикулaрно,дишане
1422,Съст,след
1423,без,ех.АН
1424,ех.АН,Фр-NUM
1425,Статична,и
1426,придърпване,на
1427,Курвоазие,отр.Слезка
1428,отр.Слезка,не
1429,Шумове,не
1430,общо.Кожа,и
1431,Липства,ВШЗ.Умерено
1432,ВШЗ.Умерено,изразена
1433,б.о,Липства
1434,и-вид-лигивици-бледорозови,чисти-Афеб-NUM
1435,Cor,Ритм.сьрд.дейност
1436,състояние,Афеб
1437,Афеб,Глава
1438,RR,жив
1439,жив,Ясни
1440,и,Б.ДРОБ
1441,равни,на
1442,щит.жлеза,неув.мл.жлези
1443,сит,шум
1444,стат.Крайници,без
1445,с.д-ясни,тонове
1446,Cor,ритм.с.д-глухи
1447,ритм.с.д-глухи,тонове
1448,се,регистрира
1449,Cor,рит.сър
1450,рит.сър,дейност
1451,Без,СМРД.ЧМН
1452,СМРД.ЧМН,б.о
1453,НА,ДОСТЪПНИТЕ
1454,ДОСТЪПНИТЕ,МЕСТА
1455,ЕМОЦИОНАЛНО,ЛАБИЛНА
1456,АА,ДОРЗ
1457,ДОРЗ,ПЕДИС
1458,щтитовидна,жлеза
1459,интерфалангеални,стави
1460,и,ЛВ-бо
1461,на,аа.дорз.педис
1462,ПЛВ-НЕУВЕЛ,ГЪРЛО
1463,ОКОЛО,ГЛЕЗЕНИТЕ
1464,дв,АГ-бо
1465,АГ-бо,Мл
1466,отоци,НС-моторна
1467,НС-моторна,афазия
1468,ДС-вез.диш.СД,пр
1469,телесно,тегло
1470,сетивност-норм,К-ци
1471,локалис,перзистиращ
1472,перзистиращ,паравертебрална
1473,см,подребрена
1474,подребрена,дъга
1475,Съмнение,за
1476,видими,л-ци.Глава
1477,л-ци.Глава,и
1478,увел,ст.крайници
1479,КОРЕМ,мпнб
1480,зрит.острота,запазена
1481,б,о.Зрит
1482,СЧ,NUM.АН
1483,вез,дишаен
1484,КОЖА,Обичаен
1485,СЪРЦЕ,Норморитмична
1486,Норморитмична,сърдечна
1487,обратно,развитие
1488,с,прав.конф.Щит.жлеза
1489,IIАо,тон.Апикален
1490,тон.Апикален,сит.шум
1491,меки,еластияни
1492,еластияни,стени-неболезнен
1493,на,АДПи
1494,АДПи,ТП
1495,мус,сила
1496,аксиалния,скелет
1497,ритмична,ърдечна
1498,ърдечна,дейност
1499,б.о,СНР-ум
1500,Успоредни,очни
1501,Периферни,резистивни
1502,резистивни,и
1503,и,капацитивни
1504,капацитивни,съдове
1505,ОДА,Артроза
1506,С,ФРЕКВЕНЦИЯ
1507,ФРЕКВЕНЦИЯ,НОРМАЛНА
1508,изразени,отоци-по
1509,отоци-по,подбедрицата
1510,на,ar
1511,задов,общо
1512,ФР,Кожрем
1513,Кожрем,мек
1514,запазена,Хиперестезия
1515,тела,уробининоген
1516,уробининоген,билирубин
1517,акцентуиран,Aо
1518,Aо,II
1519,мм,Нг.Р.Корем
1520,на,пер.а.а
1521,ВЗЕМАТ,СИМЕТРИЧНО
1522,СИМЕТРИЧНО,УЧАСТИЕ
1523,гл,тироидеяа
1524,тироидеяа,б.о
1525,съответствуващ,на
1526,ЗРЕНИЕ,ок.декс
1527,ок.декс,ок.син
1528,Сърце,ритм.дей
1529,ритм.дей,ност
1530,Шепотна,реч-ЛУ-NUM
1531,реч-ЛУ-NUM,метра
1532,стени,Постоперативна
1533,Сук,рен-отр.Ч
1534,рен-отр.Ч,дроб
1535,EKG-син.ритъм,инд.поз.Без
1536,инд.поз.Без,данни
1537,ммол,л.ЕКГ
1538,л.ЕКГ,в
1539,тип,Усет
1540,Усет,за
1541,приложено,Корем
1542,с,р.мах
1543,р.мах,на
1544,г.с.т,р.г.на
1545,р.г.на,сърцето
1546,ЗА,ЛАТЕНТНИ
1547,ЖЛЕЗА,НЕУВ.ВИЗУС-NUM
1548,НЕУВ.ВИЗУС-NUM,НА
1549,магистрални,съдове-има.ОДА
1550,общо,с-е.Чисто
1551,с-е.Чисто,вез.дишане
1552,тонове,а.н-NUM
1553,а.н-NUM,фр
1554,Дисциркулаторна,енцефалопатия
1555,мин.АН,б.прест
1556,сърд.дейност,ритмична-NUM
1557,ритмична-NUM,уд
1558,без,доп.хрипове
1559,доп.хрипове,корем
1560,камертон,рефлексът
1561,рефлексът,на
1562,на,ахилесовото
1563,ахилесовото,сухожилие
1564,бъде,предизвикан
1565,предизвикан,от
1566,и,щит.жл.не
1567,мин.АКН,Хр.система-корем
1568,и,Бодкин
1569,Бодкин,Ерб
1570,акц.А,тон.Ф
1571,тон.Ф,RR
1572,дясна,ръка.НПР
1573,ръка.НПР,норма
1574,Посещава,кабинета
1575,СТОЙНОСТИ,НА
1576,известно,време
1577,корцином,на
1578,се,оперира
1579,проведените,изследвания
1580,НЕ,ИСКА
1581,Налага,се
1582,ТУ,формацияна
1583,формацияна,ляв
1584,цените,на
1585,г.по,повод
1586,от,нервност
1587,нервност,напрегнатост
1588,на,маточната
1589,маточната,шийка
1590,миокарден,инфаркт
1591,жълти,храчки
1592,вдясно,кашлица-със
1593,кашлица-със,кървави
1594,сърдечно-съдови,заболявания
1595,ПРИ,ОБИЧАЙНИ
1596,ОБИЧАЙНИ,ФИЗИЧЕСКИ
1597,ПРОФИЛАКТИЧЕН,ПРЕГЛЕД
1598,Изписва,се
1599,метастаза,в
1600,седалищния,нерв
1601,пода,на
1602,общ,х-л
1603,х-л,над
1604,хормонална,терапия
1605,гликемичен,контрол
1606,ЗД-НИЗТ,с
1607,пластика,на
1608,на,поддържащото
1609,гр,Обща
1610,главно,в
1611,феморална,артерия
1612,на,експертно
1613,експертно,решение
1614,на,отпуската
1615,отпуската,по
1616,на,д.черво
1617,две,норм.ражд
1618,норм.ражд,в
1619,Придружаващи,заболявания
1620,СЛЕД,ДЕХОСПИТАЛИЗАЦИЯ
1621,след,дехоспитализация
1622,на,подържаща
1623,в,лумбо-сакралната
1624,обилно,потене
1625,клапно,протезиране
1626,стенокардна,симптоматика
1627,подържащо,лечение
1628,ЕКГ-снижаване,на
1629,в,стандартните
1630,стандартните,отвеждания
1631,в,прекордиалните
1632,Засегнато,общо
1633,жлъчен,мехур
1634,пътища,Проходими
1635,С.с.с,ма
1636,Fr,мин.R.R
1637,стабилно,общо
1638,ясни,т-ве
1639,DO,LO
1640,ЛИЕН-НЕУВЕЛИЧЕНИ,АН
1641,а.дорз,педис
1642,за,мъж
1643,в,ляво.Пулмо
1644,КОЖА,Бледовата
1645,помощно,средство-бастун
1646,средство-бастун,ССС
1647,Задаволително,общо
1648,увеличени,SR-
1649,левокамерна,хипертрофия
1650,за,ОМС
1651,отговарящи,на
1652,къс,мезостолен
1653,мезостолен,шум
1654,бимануална,палпация
1655,КМС-нормално,развита
1656,RR,NUM-норм
1657,Периферни,съдове-норма
1658,съдове-норма,Психичен
1659,Чр.дроб,и
1660,хемороидални,възли
1661,NUM-ри,Ао-тон
1662,Ао-тон,разширени
1663,оперативната,рана.Ч
1664,рана.Ч,др.на
1665,уд,мин.Ч
1666,вид.лигавици-бл.розови,ПЛВ-нуев
1667,ПЛВ-нуев,Пер.вени
1668,НА,РАЖДАЛА
1669,АНУС,ПРЕТЕР
1670,опративен,цикатрикс
1671,големината,на
1672,Задовлително,общо
1673,добре,конфигуриран
1674,конфигуриран,без
1675,общо,с-ние.Чисто
1676,с-ние.Чисто,вез.дишане
1677,и,Ерб.АН
1678,ДРОБ,ЧВд
1679,ЧВд,СЪРЦЕ
1680,НПР-нормално,за
1681,мек,хепар-ет
1682,УРИНА,ПХ-NUM
1683,ПХ-NUM,ГЛЮК
1684,АРТЕРИАЛНИ,СЪДОВЕ-Б.О.
1685,СЪДОВЕ-Б.О.,ЕКГ
1686,везекуларно,дишане
1687,НПР-в,норма
1688,съответни,за
1689,ОТПАДНА,СИПТОМАТИКА
1690,Дихателна,система-симетричен
1691,У,РИВА
1692,РИВА,РОЧИ
1693,РОЧИ,НЯМА
1694,асцитна,течност
1695,парамалеоларни,отоци
1696,с,норм.структура
1697,норм.структура,и
1698,от,год.Корем
1699,год.Корем,мек
1700,Fr,min.Артериална
1701,min.Артериална,и
1702,апсихотичен,ориентиране
1703,ориентиране,за
1704,реп,промени
1705,КАСАЕ,СЕ
1706,Контрактура,на
1707,Пикочо-полова,система-няма
1708,система-няма,микционни
1709,в,границите
1710,границите,на
1711,по,ръбовете
1712,и,виброчувствителност
1713,виброчувствителност,на
1714,отслабени,Некротична
1715,в,ляво.Сукусио
1716,ляво.Сукусио,реналис
1717,АСТЕНИЧЕН,ХАБИТУС
1718,корекционни,очила
1719,=,Свето
1720,Свето,усещане
1721,ПАМЕТОВИ,НАРУШЕНИЯ.консултирана
1722,НАРУШЕНИЯ.консултирана,с
1723,ехокардиография,DATEгод.с
1724,DATEгод.с,невролог-DATEгод
1725,невролог-DATEгод,с
1726,общо,сьстояание
1727,сьстояание,ССС
1728,граница,Акцент
1729,без,психотични
1730,на,местата
1731,Залита,в
1732,Психоневрологичен,статус
1733,мл,жлези.Психоневрологичен
1734,жлези.Психоневрологичен,статус
1735,гръдния,окш
1736,окш,меки
1737,рит,сър.дей
1738,сър.дей,ясни
1739,на,зрението-вос
1740,зрението-вос,вод
1741,рефлеск,двустранно
1742,на,стъпални
1743,стъпални,артерии
1744,запазени,пулсации.Корем
1745,уринарен,катетър
1746,органо,мегалия
1747,РНСД,сърд.ч
1748,за,псих.отклонения
1749,мл,жл.Пулмо
1750,к,ОРЕМ
1751,резки,покачвания
1752,сърд,връх.Сърд
1753,връх.Сърд,граници-разширени
1754,лющеща,се
1755,о.Пс.състояние,добро
1756,КОЖА,бледороз
1757,неболезнена,норм.разм
1758,норм.разм,Р-NUM
1759,надлежаща,кожа
1760,НС-левостранна,хемипареза
1761,Фр,u
1762,u,m
1763,хлътване,на
1764,Пулс,тахиаритмичен
1765,тахиаритмичен,добре
1766,добре,напьлнен-около
1767,напьлнен-около,уд
1768,уд,мин.уд
1769,мин.уд,мин
1770,мек,спокоeн
1771,кош.Бял,дроб
1772,сърдечна,дейностясни
1773,Пулмо,ЧВДТ
1774,ЧВДТ,RR
1775,Хипостенен,хабитус
1776,СИСТОЛЕН,ШУМ
1777,лк,хипертрофия
1778,СРЕДНО,УВРЕДЕНО
1779,БОЛ,КА
1780,КА,В
1781,дишане-везикуларно,чито.Корем
1782,чито.Корем,мек
1783,на,аадор
1784,аадор,залис
1785,залис,педис
1786,У,Му
1787,Му,м.
1788,Д.Ч,мин
1789,пулсова,честота
1790,СЪР,ДЕЙНОСТ
1791,Огран,и
1792,Старческо,далекогледство
1793,НИСЪК,ПЕРИФЕРЕН
1794,ПЕРИФЕРЕН,ВОЛТАЖ
1795,протеин,глю
1796,глю,кетотела
1797,Плоско,стъпало
1798,ЛВ-увеличени,шийно
1799,везикуларно,дишане.Храносмилателна
1800,дишане.Храносмилателна,с-ма
1801,лиен,неув.Полова
1802,неув.Полова,с-ма
1803,обем,дих.д-я.Вез
1804,дих.д-я.Вез,дишане
1805,общо,съст.Афебрилна
1806,бледи,ЧМНб
1807,ЧМНб,о
1808,артерии,Щитвидна
1809,Щитвидна,жлеза
1810,нормално,разпол
1811,разпол,и
1812,запазена,дефикация
1813,сэстояние,Щит
1814,Пулмо,внез
1815,внез,дишане
1816,VOS-NUM,ЕКГ-СРИТ
1817,областт,хана
1818,хана,епигастриума
1819,без,варици.ВОД
1820,варици.ВОД,ет
1821,с,ние.Бледа
1822,ние.Бледа,кожа
1823,Кр,Налягане-NUM
1824,S.ren,[
1825,Визус,ок.декста
1826,ок.декста,Визус
1827,на,АФК
1828,рен,дв.Опорно
1829,дв.Опорно,двигателен
1830,акцентуиран,I-ви
1831,I-ви,тон
1832,на,арт.дорзалис
1833,арт.дорзалис,педис
1834,се,наблюдават
1835,ет,лимфадектомия
1836,без,ектопия
1837,на,вьрха
1838,и,тонус-запазени
1839,на,кръвообръщението
1840,прогресия,с.р.инд.с.ос
1841,с.р.инд.с.ос,запазена
1842,Ч.в.д,Cor
1843,изострено-вез-дишане,леко-уд-екс-без-приб-хрипове-двуст-в-двете-фази-на-дишане
1844,леко-уд-екс-без-приб-хрипове-двуст-в-двете-фази-на-дишане,Cor
1845,слабо-огран,движ-огран
1846,движ-огран,сгьване-в-д-коляно-опер-цик-спокоен
1847,и-вид.лиг,бледи
1848,чисти,без-периорбит-отоци
1849,без-поли-урия,без-полидипсия
1850,неувел,л.в.неув.Пулмо
1851,в-дясно,в-ляво-мамект-тот-цик-спокоен
1852,в-ляво-мамект-тот-цик-спокоен,Корем
1853,Крайници,об-СМРд-липсва
1854,об-СМРд-липсва,ЧМН
1855,ЧМН,без-пат-реф-кси
1856,без-пат-реф-кси,палп-болка-и-огран
1857,палп-болка-и-огран,подв-в-лумб-отдел-на-гр-стьлб
1858,подв-в-лумб-отдел-на-гр-стьлб,по-ка-аналгет-без-пом-с-без-отоци
1859,ЕКГ,запис
1860,норм,разм
1861,разм,и
1862,хипотрофия,на
1863,ч.др-на,ребрен
1864,рект,туше
1865,Д.с-ма.везикуларно,дишане
1866,л,в-б
1867,в-б,о.
1868,пулсации,вен.мрежа
1869,в,шумовата
1870,шумовата,находка
1871,Нервна,система-повърхностен
1872,система-повърхностен,и
1873,вид.лиг.розови,ПЛВ
1874,et,Lien-неувеличени
1875,ЛАМ,не
1876,на,храносмилателната
1877,храносмилателната,система
1878,сърд,дейностглуховати
1879,дейностглуховати,тонове
1880,Ч.Др,и
1881,без,oрганомегалия
1882,oрганомегалия,перисталтика
1883,ССС,РИТМ.ЛЕКО
1884,РИТМ.ЛЕКО,ТАХИКД
1885,НЕВР,СТ-ЛЕКА
1886,СТ-ЛЕКА,СТАТ.АТАКСИЯ
1887,ПО,ТИПА
1888,ТИПА,НА
1889,без,ЕS
1890,ЕS,без
1891,б.о,Гърди-спокойни
1892,ППС-бо,SR-отр
1893,запазени,пулсацци
1894,за,самоконтр
1895,Физ,Р-тие
1896,Р-тие,Нормално
1897,СДпр.ритм.Fr,мин
1898,неболезнен,Чдр
1899,ясни,тонаве
1900,генерализирано,снижени
1901,без,ортаномегалия
1902,ортаномегалия,перисталтика
1903,болезнено,навеждаве
1904,навеждаве,и
1905,Дихателна,система-б
1906,дясно,подр
1907,поведението,емоциите
1908,емоциите,мисленето
1909,мисленето,волята
1910,волята,интелекта
1911,интелекта,вниманието
1912,паметта,влеченията
1913,влеченията,съня
1914,и,съзнанието
1915,съзнанието,КОРЕМ
1916,АЛО,и
1917,и,АВТО
1918,АВТО,ориентиран
1919,в,S-T
1920,S-T,сегмента
1921,палпират,уголемени.SR
1922,уголемени.SR,двустранно
1923,за,екзо
1924,сухи,св.хрипчета
1925,св.хрипчета,двустранно
1926,от,аа.поплитее
1927,аа.поплитее,без
1928,неув.норм,псих
1929,се,палпиа
1930,NUM.АН,NUM.Корем
1931,с-ние.Контактен,ориентиран
1932,EKГв,норма
1933,и,начина
1934,начина,на
1935,НС-намалена,мускулна
1936,б.о,Млеяни
1937,Млеяни,жлези
1938,крайниците-запазени,по
1939,полиневритен,тип.Нарушен
1940,тип.Нарушен,вибрационен
1941,Сук,рен-отр.Корем
1942,НС-хипестезия,на
1943,напрегната,паравертабрална
1944,паравертабрална,мускулатура
1945,болезненост,паравертабрално
1946,паравертабрално,по
1947,лиен,неув.Сук.ренал
1948,неув.Сук.ренал,стр.ОДА
1949,лиен,неужеличен
1950,Дихателна,система-ясно
1951,първично,зоздравял
1952,зоздравял,на
1953,лични,причини-документите
1954,причини-документите,се
1955,НАЧАЛНИ,НУКЛЕОКОРТИКАЛНИ
1956,НУКЛЕОКОРТИКАЛНИ,ПОМЪТНЯВАНИЯ
1957,ПОМЪТНЯВАНИЯ,НА
1958,НА,ЛЕЩАТА
1959,мл,жл-протеза
1960,жл-протеза,корем
1961,оргамегалия,без
1962,без,органомегалоия
1963,органомегалоия,Крайници
1964,Усп,очни
1965,Сук.реналис,бил.Без
1966,бил.Без,отоци
1967,отр,кетотела-отр.рн-NUM
1968,предвижва,се
1969,на,вмидима
1970,вмидима,възраст
1971,Щитовидна,жл.ПЛВ
1972,жл.ПЛВ,б.о
1973,жл.неувеличена,с
1974,крайници,нам.муск.сила
1975,нам.муск.сила,за
1976,см,Екхимози
1977,Екхимози,по
1978,видимо,неув.Pulmo
1979,Fr,глиховати
1980,глиховати,сърдечни
1981,гр.С.Cor-Ритмична,сърдечна
1982,ДОС.ДС-вез.диш,отслабено
1983,с-е-без,отклонение
1984,дискр,отоци
1985,пер.а.а,вибр
1986,АДЕКВ,ОРИЕНТ
1987,б.о,Рефлекторна
1988,Рефлекторна,дейност
1989,І-ва,степ.Сърце
1990,степ.Сърце,ритм
1991,вен.съдове,и
1992,І-ва,ст.Сърце
1993,ст.Сърце,ритм.дейност
1994,общо,състояниа
1995,състояниа,Пулмо
1996,и,П.Л.В.не
1997,П.Л.В.не,се
1998,повишено,ВЧН
1999,ІІ,С.Т
2000,над,м.Зрение
2001,м.Зрение,очи-здрави
2002,очи-здрави,намалено
2003,реналис-отр.Ч,дроб
2004,тонове,ясни.ЕКГ
2005,ясни.ЕКГ,син
2006,и,Ерб.Хепар
2007,Ерб.Хепар,неув
2008,съдово,заболяне
2009,заболяне,на
2010,НА,ТАЛИЯТА-NUM
2011,мл,ж-за.АН
2012,пмт-умерено,изразена
2013,и,дълбо
2014,фр,м.глухи
2015,м.глухи,тонове
2016,Невролоичен,статус
2017,Succ,renal
2018,renal,отр
2019,сухожилнонадкостни,рефлекси
2020,дишане,удълженескпириум
2021,удълженескпириум,сухи
2022,с,негова
2023,негова,корекция
2024,зачервено,шнуровидно
2025,шнуровидно,уплътннение
2026,уплътннение,на
2027,на,vv.saphena
2028,vv.saphena,magna
2029,magna,et
2030,RR,P=
2031,ед,еx
2032,еx,без
2033,соr,аритмична
2034,корд,проби-норма
2035,проби-норма,Бабински
2036,дясно,нистагам
2037,нистагам,хоризонтале
2038,разш,вени.Палп.болка
2039,лимф.възли,неув.Псих
2040,неув.Псих,статус
2041,увеличени,Сук.ренали
2042,Сук.ренали,отр
2043,нормофреквантна,дейност
2044,f-NUM,уд
2045,нерепонибилна,вляво
2046,нехочкинов,лимфом
2047,се,повлияват
2048,опашната,кост
2049,измерване,на
2050,на,ГС
2051,нарастване,на
2052,Хипертрофия,на
2053,общо,с-ние.Без
2054,Подготовка,за
2055,половите,органи
2056,ехографско,изследване
2057,В,СЪЩАТА
2058,се,нормализира
2059,нормализира,след
2060,след,взимане
2061,взимане,на
2062,на,временната
2063,временната,нетрудоспособност
2064,генитално,кървене
2065,срок,на
2066,края,на
2067,на,инсулинолечение
2068,гласни,връска
2069,връска,вдясно
2070,кървави,храчки-храни
2071,храчки-храни,се
2072,със,течна
2073,течна,храна
2074,чрез,назо-гастрална
2075,назо-гастрална,сонда
2076,злок.заболяване,на
2077,МНН,с
2078,Лична,анамнеза
2079,започване,на
2080,изключване,на
2081,Заплануван,за
2082,на,черепа
2083,на,тъпанчето
2084,пикучен,мехур
2085,неубедителни,данни
2086,в,Урологично
2087,С-ние,след
2088,с,давностна
2089,давностна,АХ
2090,и,огр.дв-я
2091,с,НСПВС
2092,движение,схванатост
2093,безплатна,рецепта
2094,Каса,е
2095,неповлияваща,се
2096,Изведен,анус
2097,Периартрит,на
2098,се,по-спокойна
2099,нормализирани,с-ти
2100,заболявания,ХЛЛ.За
2101,Ежеседмични,планови
2102,върху,тях.Не
2103,тях.Не,споделя
2104,и,актуални
2105,актуални,опраквания
2106,ПОЯВА,НА
2107,ЦА,КОЛОНИС
2108,се,открива
2109,получаване,на
2110,по,чл
2111,чл,ал
2112,проекционното,място
2113,СОР,РСД
2114,и,похдка
2115,похдка,нормални
2116,нормални,сухажилни
2117,сухажилни,рефлекси
2118,Тазоворезервоарни,промени
2119,промени,несъобщава
2120,в,мислвната
2121,мислвната,дейност
2122,хепар-NUM,см
2123,Без,ех.Тонове
2124,т-ве,RR
2125,Лим.възли,б.о
2126,ст-норма,Иследване
2127,Иследване,острота
2128,общо,състояние.ПЛВ
2129,състояние.ПЛВ,нуевеличени
2130,Cукк.реналис,Крайници
2131,слъзна,секреция
2132,норма,вкл.Ахилови
2133,вкл.Ахилови,рефлекси
2134,и,социалния
2135,на,изтласкване
2136,лиен-неувеличени,oтр
2137,дъга.крайници,без
2138,без,тоци
2139,б.о,Дих.система-ЧВД
2140,Дих.система-ЧВД,ССС
2141,Ротаторна,проба
2142,перкуторни,граници.RR
2143,граници.RR,Корем
2144,и,автономни
2145,автономни,прояви
2146,стени,Чр.дроб
2147,патологични,измения
2148,АН,Деформация
2149,без,физ.данни
2150,физ.данни,за
2151,Сук,Рен.
2152,гърда-частична,резекция
2153,кето-тела-отр,уроб
2154,уретрален,катетър
2155,с,ние.Наличие
2156,ние.Наличие,на
2157,на,конюктивата
2158,соr-ритм.сърд.дейност,Fr-NUM
2159,Пулмо,везикурапно
2160,д-т,глуховаги
2161,глуховаги,тонове
2162,RR,фр.около
2163,фр.около,уд
2164,неув.Щит,жл
2165,Сукусио,реналис-положително
2166,зап.общо,съст.Дих
2167,съст.Дих,с-ма
2168,а.,Тибиалис
2169,Тибиалис,постериор
2170,се,снеме
2171,без,пр.хрипове
2172,царевично,зърно
2173,на,гр.кош.Ч.дроб
2174,и,вдими
2175,вдими,лигавици
2176,пъпа.Черен,дроб
2177,по,глезениете
2178,на,стомата.SR
2179,стомата.SR,billat
2180,Съвети,за
2181,засегнато,общо
2182,Переферни,вени
2183,везикуларна,дишане
2184,кл.данни,за
2185,палпира,ув.Лимф.възли
2186,ув.Лимф.възли,не
2187,bill.Крайници,ЛРС
2188,на,III-IV-V
2189,III-IV-V,пръсти
2190,перкуторен,тон.Мл.жл
2191,тон.Мл.жл,мамектомиа
2192,вестибуло-атактичен,с-м
2193,кокартроза,sin
2194,см,Изчислен
2195,Изчислен,е
2196,е,NUM-год
2197,NUM-год,риск
2198,анкетна,карта
2199,карта,Корем
2200,б.о,Мл.Жлези
2201,Намаление,на
2202,сърд,дейост
2203,дейост,RR
2204,Макуло-папулозен,обрив
2205,dex.VOD,VOS
2206,тоновете,са
2207,RR,DATEКорем
2208,отр,дв.Невр
2209,дв.Невр,ст
2210,сърдена,дейност
2211,половини,взематеднакво
2212,взематеднакво,участие
2213,поради,отсъствие
2214,невролог,год.неврологичен
2215,год.неврологичен,статус
2216,с,кардиолог-NUM
2217,с,офталмологза
2218,офталмологза,очни
2219,очни,дъна-на
2220,дъна-на,год.и
2221,АМПУТАЦИЯ,НА
2222,в,основите.Корем
2223,Долавя,шепотна
2224,общо,с-е.Pulmo
2225,корегирано,с
2226,Уведомен,съм
2227,тон.Cor,РСД
2228,ГИНЕКОЛОГИЧЕН,СТАТУС
2229,се,палпир
2230,RR,PS
2231,PS,Pulmo
2232,сърд.ч,RR
2233,ППС-в,норма
2234,на,aa
2235,сутрешни,часове
2236,общо,състояния
2237,подагрозен,артрит
2238,Ритмична,отчетлива
2239,отчетлива,сърдечна
2240,Корем,мек.не
2241,мек.не,болезнен
2242,реналис,Нерв.с-ма
2243,общо,съст-е.Псих.с-с
2244,с-ма,норм.микция
2245,за,уточн
2246,ритм,Нормофрекв
2247,МРД-отр,ПЛП-отр
2248,систуличен,шум
2249,б.о,pulmo-везикуларно
2250,ритм.добре,напълнен
2251,близо,Дишане-с
2252,Дишане-с,норм
2253,в,дихателния
2254,гръден,кош.Бял
2255,БОЛНИЧНО,ЛЕЧЕНИЕ
2256,меланоцитен,невус
2257,на,л.ръка
2258,пер,примам
2259,с.ч,у.м.Грубо
2260,у.м.Грубо,везикуларно
2261,на,аа.педис
2262,ПУЛСАЦИЙ,НА
2263,двиг.дейност,в
2264,нам,ммсила
2265,ммсила,за
2266,нарушения,подист
2267,подист,тип
2268,ПАЛ,ПАТОР
2269,ЛАСЕГ,ВЕР
2270,ВЕР,ТЕБРАЛЕН
2271,ТЕБРАЛЕН,СИН
2272,СИН,ДРОМ
2273,едър,тремор
2274,ССС,Б.О
2275,И,ЩЕЛВАГ
2276,ЩЕЛВАГ,ОТР
2277,се,доловижа
2278,доловижа,уплътнени
2279,ритъм-предоставено,на
2280,тонове,ясни.RR
2281,краката,стъпалатга
2282,стъпалатга,В
2283,на,гълрба
2284,гълрба,на
2285,по,скалата
2286,скалата,на
2287,на,Левин
2288,Левин,RR
2289,дясно,око.RR
2290,око.RR,на
2291,НА,СТЪПАЛА
2292,СТЪПАЛА,Онихомикоза
2293,Корем,еко-еластични
2294,еко-еластични,стени
2295,отр,Билируб
2296,Билируб,отр
2297,бе,зотоци
2298,последни,ребра
2299,видимилигавици,роозви
2300,роозви,Общо
2301,Lien,неуголеемни
2302,неуголеемни,SR
2303,и,щит.жлеза.
2304,щит.жлеза.,ЧВД
2305,вени.Псих.статус,психомотор
2306,Оепратиен,цикатрикс-спокоен
2307,Маринеску,Радович
2308,Пулмо,везикурарно
2309,везикурарно,дишане
2310,на,бутончето
2311,Cor-ар,С.
2312,Fr,in
2313,in,RR
2314,ЛМЖ,ДМЖ-белег
2315,ДМЖ-белег,от
2316,сл.неув.Сук.рен,отр.дв.Кр
2317,отр.дв.Кр,без
2318,запазени,пулс.Психичен
2319,пулс.Психичен,статус
2320,Виз.ОС-NUM,ОД-NUM
2321,мин.Млечни,жлези
2322,Cor-арит,Сърд
2323,без,шумованаходка
2324,с,хар.изм-я
2325,добра,напълненост
2326,напълненост,и
2327,дейност,ТОНОВЕ-ЯСНИ
2328,по,средивнната
2329,средивнната,линия
2330,ХОРИЗОНТАЛЕН,НИСТАГЪМ
2331,Щит.жл.не,се
2332,V.,O.
2333,Rubeosis,diabetica
2334,diabetica,няма
2335,без,разязвянания
2336,разязвянания,без
2337,дв,Н.с-ма
2338,похода,на
2339,на,долн
2340,периферните,алтерии
2341,Лицето,е
2342,трахеостома,Глас-шепти
2343,Издаване,на
2344,ХСМ,Кр-ци-без
2345,Тахиритмична,сърдечна
2346,срединна,лапаратомия
2347,на,вале
2348,по,Кохер
2349,Пулмо,ЧВД.Корем
2350,изразена,под.маст.т.Пулмо
2351,с,неудължено
2352,неудължено,издишване
2353,Р.туше-без,патология
2354,Подбедрица,без
2355,без,ШВЗRR
2356,определяне,на
2357,ЛВ-неув.Пулмо,чисто-везик
2358,Fr,Мл.жл.норм
2359,Мл.жл.норм,вьз
2360,вьз,струк
2361,перист-физ,хепар-неувел
2362,СМРД-липсва,ЧМН
2363,л.в.неув.Пулмо,отсл-вез.дишане-леко-уд-експ-без-хрипове
2364,отсл-вез.дишане-леко-уд-експ-без-хрипове,Cor
2365,бил,опер.цик-спокоен
2366,сгьване-в-д-коляно-опер-цик-спокоен,щад-походка-СМРД-липсва
2367,щад-походка-СМРД-липсва,ЧМН
2368,без-полидипсия,няма-повиш-прием-на-течности-не-става-нощем-редуц-оплак-от-нощтни-крампи
2369,зап-общо-сьстояние,без-оплак-от-поли-урия
2370,без-оплак-от-поли-урия,поли-дипсия
2371,без-повиш-прием-на-течности-в-меноп-от-NUM,г-вьзр-след-опер-СА-NUM
2372,енук.д-око-меланом-протеза-NUM,г
2373,г,посл-хос-ВО-NUM
2374,огран,подвиж-в-шиен-и-торак-отдел-на-гр-стьлб-напрег-паравертеб-мускул
2375,Fr,Мл.жл.норм.за
2376,Мл.жл.норм.за,вьзр.структ
2377,в,урината-отр
2378,и,вид.л-ци
2379,Дихателна,система-везикуларно
2380,система-везикуларно,дишане
2381,мек,ч.др-на
2382,отр,Координация-в
2383,Координация-в,норма
2384,Острота,назрение
2385,назрение,б.о
2386,муск,атрофии
2387,атрофии,и
2388,уд,мив
2389,мив,RR
2390,ссс-ритм-на,нормофр-на
2391,нормофр-на,д-ст
2392,б-о,ТРФ
2393,ТРФ,б.о
2394,реналис,отр.Повърхностни
2395,отр.Повърхностни,вени
2396,мастектомия.Корем,б.о
2397,Пулмо,везикулрно
2398,везикулрно,дишане
2399,заздравява,първично
2400,Пер.лимфни,възли
2401,щит,жл.неувеличени
2402,дъга,отоци-леко
2403,отоци-леко,изразени
2404,на,ретината
2405,б.о,ЛАМ
2406,Струма-NUM,ст
2407,симет,добре
2408,палп,увел.Опор.двиг
2409,увел.Опор.двиг,апарат
2410,СЪРЦЕ,Р.С.д
2411,общо,с-е.Афебрилна
2412,изразена,ПМТ.Лигавици
2413,изразена,бледност
2414,см,Психологичен
2415,Психологичен,статус
2416,външно,дишане-ДЧ
2417,дишане-ДЧ,м.
2418,м.,дълбочина-нормална
2419,С.статус,Cor
2420,кожи,и
2421,СТАТИЧНА,АТАКСИЯ
2422,РОМБЕРГ-ЗАЛИТА,В
2423,В,НЕОПР
2424,за,диск
2425,диск,лумбалис
2426,В,ЛЕГЛОТО
2427,проекцията,на
2428,дефицит,дължащ
2429,дължащ,се
2430,на,невр.промени
2431,невр.промени,във
2432,Мл,жкл-в
2433,жкл-в,горен
2434,външен,ъгъл-подв.уплътнение
2435,пр,ритм.лек
2436,ритм.лек,сист
2437,Корем,hepар
2438,RR,чдр.на
2439,St.,gynecologicus
2440,Нераг,на
2441,нормален,вибразионен
2442,вибразионен,усет
2443,ст-мрд,отр
2444,без,отклов
2445,на,ренална
2446,ренална,и
2447,прибавени,шумове-няма
2448,ПЛВ-неувеличени,Дс-отслабено
2449,Задавилтелно,общо
2450,два,бастуна
2451,стени,Чдроб
2452,Корем,мекио
2453,мекио,еластични
2454,частично,рзецирана
2455,рзецирана,лява
2456,за,перитонелано
2457,перитонелано,дразнене
2458,отр.С,постянен
2459,постянен,уринарен
2460,запазени,ПАП.С
2461,ДВЕТЕ,КОЛЕНА
2462,на,ребренната
2463,ребренната,дъга
2464,ДВАТА,КРАКА
2465,глухи,с.т.акц.А
2466,с.т.акц.А,АН
2467,гръден,кош.Пулмо
2468,КОЖА,норм.оцв
2469,СТ,АНDATEФР
2470,АНDATEФР,Крайници
2471,правилни,зрит.остр.норм
2472,зрит.остр.норм,щит.жл.неув.ало
2473,далак,неув.сук.рен.отр.Крайници
2474,Корем,б.олипсва
2475,б.олипсва,обстипация
2476,тактилна,чувсв
2477,вид.разширени,вени.Афебрилен
2478,сухи,хърк.двустр
2479,хърк.двустр,Cor
2480,палпиа,Сок.реналис
2481,при,палпаци
2482,Щит,жлеэа-б.о
2483,жлеэа-б.о,ЛВ
2484,др,неув.СР
2485,неув.СР,отр
2486,се,палп.Suc.ren
2487,Псих.ст.норм.за,възр.ПЛВ
2488,възр.ПЛВ,неувел
2489,двустранно,неболзнено
2490,неболзнено,крайници
2491,СНР-стилорадиална,пателарна
2492,Вербален,синдром
2493,SR,BIL
2494,BIL,ОДА
2495,хиперсонорен,п.тон
2496,п.тон,отслабено
2497,норм.пулс,на
2498,паретичен,синдром
2499,перк,Тон
2500,с,п.м.на
2501,п.м.на,сърдечния
2502,проведена,лъчетер-я
2503,лъчетер-я,на
2504,щит,жл-NUM
2505,жл-NUM,ст
2506,кожа,чупливи
2507,чупливи,нокти
2508,пер.в,б.о
2509,няма,мкавучкане
2510,чисто,В.Д.С.С.С
2511,ма-Р.С.Д,R
2512,РСД,сясни
2513,сясни,тонове
2514,НС,дискорд
2515,Р.Д,Крайници
2516,Ген.с-ма,и
2517,без,патолг
2518,б.о,Опор
2519,Опор,двиг
2520,д.,V.ос
2521,V.ос,sin
2522,ССС,ритм.сърд.дейнос
2523,ритм.сърд.дейнос,т
2524,в,двити
2525,двити,белодробни
2526,ет,лиев
2527,лиев,неув
2528,Pujmo-Чисто,вез
2529,Hepar,Lien-Не
2530,Lien-Не,увел
2531,пукащи,хрипове
2532,БЕЗ,ОБРИВИ
2533,сърдечна,деаност
2534,деаност,ясни
2535,Об.ДОС,ДС
2536,б.о,COR-РСН
2537,COR-РСН,RR
2538,палп,увел.SR-двустранно
2539,увел.SR-двустранно,отрицателно
2540,ляв,тип.Невр
2541,тип.Невр,статус
2542,Лексотан,т
2543,за,СА.Дих.система
2544,СА.Дих.система,везикуларно
2545,отоци,Неврологг
2546,мм,Нг.Корем
2547,Нг.Корем,мек
2548,кг.ЧМН,б.о
2549,долни,крайника-NUM
2550,Кожа,бледомург
2551,вибр,усет-норма
2552,Цветоусещоне,б.о
2553,ХД,показатели
2554,Аортен,тон
2555,палпират,Нервно-псих
2556,Нервно-псих,и
2557,ляв,тип.Везикуларно
2558,тип.Везикуларно,дишане
2559,се,определя
2560,тотална,хистеро
2561,Ко,рем
2562,мисловно,подредена
2563,подредена,еутимна
2564,хрипова,нваходка
2565,се,палп.ДС-норм
2566,палп.ДС-норм,гр
2567,ПАЦ,НА
2568,Д.Р.дъга,дъга.КРАЙНИЦИ
2569,CYBOW,б.о
2570,ЗРИТЕЛНА,ОСТРОТА-NUM
2571,Корем,м.е.стени
2572,м.е.стени,без
2573,о.а,пром
2574,чисто,везикуларнор
2575,везикуларнор,дишане
2576,ТАЗОВИ,РЕЗЕРВОАРИ
2577,КООРДИН,ПРОБИ
2578,СИМЕТРИЧЕН,ГРАДЕН
2579,Гин.ст.нормален,за
2580,двустр.Сетивност,съхранена
2581,на,гр-
2582,гр-,кош
2583,ет,лиен-бо
2584,лиен-бо,Сукк
2585,ДПНП,CHP-намалени
2586,CHP-намалени,дист
2587,OДА-в,норма
2588,Тегло,кг.Бял
2589,кг.Бял,дроб
2590,ССС,ритм.с.д.р
2591,ритм.с.д.р,СЧ-NUM
2592,НА,РЕБР.ДЪГА.КРАЙНИЦИ
2593,РЕБР.ДЪГА.КРАЙНИЦИ,ОТОК
2594,ЛЯВА,ПОДБЕДР
2595,дребно-зърниста,структура
2596,лиен,неувеличеи
2597,тонаве,къс
2598,НС-Без,сетивно-рефлекторен
2599,сетивно-рефлекторен,полиневритен
2600,Труден,диалог
2601,диалог,поради
2602,след,опарация
2603,опарация,на
2604,краъници,интактно
2605,интактно,краво
2606,краво,обръщение
2607,за,поливеропатия
2608,единични,доп.сухи
2609,психични,проблеми-тревожност
2610,проблеми-тревожност,фобии
2611,се,визуализираха
2612,б.о,ЗРИТ
2613,ЗРИТ,ОСТРОТА
2614,Аорта,RRDATEХепар
2615,RRDATEХепар,на
2616,тонзили,инебни
2617,инебни,дъги
2618,отслабено,восновите
2619,палпация,Запозната
2620,Запозната,с
2621,с,правилата
2622,правилата,за
2623,сук,рено.отр
2624,вез.дишане,Cor-ритм.сърд.д
2625,Cor-ритм.сърд.д,фр
2626,ren,отр-двустр
2627,жлеза,снормални
2628,снормални,размери
2629,хоризонтала,sucusio
2630,sucusio,renalis-otp
2631,ЛЕКО,ОЖИВЕНИСУХОЖИЛНИ
2632,ОЖИВЕНИСУХОЖИЛНИ,РЕФЛЕКСИ
2633,в,ДТБС
2634,Gl.Thireoid,ПЛВ
2635,Нормопсихичен,КОРЕМ
2636,пакети,РВ
2637,visus,oculi
2638,везикуларно,дошане
2639,дошане,Cor
2640,Цигари-NUM,Алкохол-умерено
2641,Сук,реналиснеболезнен
2642,реналиснеболезнен,двустранно
2643,лява,белодрбна
2644,белодрбна,основа
2645,ЕКГ,ХОРИЗОНТ
2646,ХОРИЗОНТ,ПОЗИЦИЯ
2647,лява,ръка.Крайници
2648,ръка.Крайници,нормални
2649,УНГърло,б.о
2650,отоци,хипоорефлексия
2651,феморално,херни
2652,херни,я
